code,clinic,clinic_type,area,"Lat, Long",,,,,,,
AAA,ATHLONE,Residential,CT,"-33.96426417562512, 18.504399798674445",,,,,,,
AAB,PLUMSTEAD HIGH ,School,CT,"-34.0210111247128, 18.485117212142733",,,,,,,
AAC,FISH HOEK HIGH ,School,CT,"-34.13470145360041, 18.42062303154608",,,,,,,
AAD,BERGVLIET,Residential,CT,"-34.04796173855656, 18.456105752285456",,,,,,,
AAE,RCS,Commercial,CT,"-33.9471236699584, 18.49109159530554",,,,,,,
AAF,WYNBERG  BOYS HIGH ,School,CT,"-33.99525527126326, 18.45828285482819",,,,,,,
AAJ,DIRECT AXIS,Commercial,CT,"-34.03749465040513, 18.476662897158455",,,,,,,
AAL,FISH HOEK,Residential,CT,"-34.1336653006736, 18.421758765732765",,,,,,,
AAO,GROOTE SCHUUR HOSPITAL,Hospital,CT,"-33.94085573387065, 18.46176141534255",,,,,,,
AAP,BERGVLIET HIGH ,School,CT,"-34.04040989469333, 18.45218837626764",,,,,,,
AAQ,GROOTE SCHUUR HIGH ,School,CT,"-33.973486015166905, 18.4721072701699",,,,,,,
AAR,MILNERTON,Residential,CT,"-33.86594286578147, 18.533816115865488",,,,,,,
AAV,BAYSIDE MALL,Shopping,CT,"-33.822328675803725, 18.48971406831482",,,,,,,
AAW,PINELANDS,Residential,CT,"-33.93350674154906, 18.509265903710993",,,,,,,
AAX,PLUMSTEAD,Residential,CT,"-34.026347359762596, 18.480467830876247",,,,,,,
AAY,GRASSY PARK,Residential,CT,"-34.04791195988233, 18.506614823631587",,,,,,,
AAZ,RONDEBOSCH,Residential,CT,"-33.963494297128754, 18.47595127388969",,,,,,,
ABA,SEA POINT,Residential,CT,"-33.91690219676274, 18.387470509701988",,,,,,,
ABC,WYNBERG GIRLS HIGH ,School,CT,"-34.00242887495513, 18.464980454828467",,,,,,,
ABF,HOUT BAY,Residential,CT,"-34.039278897451034, 18.34999660325481",,,,,,,
ABJ,ISLAMIA COLLEGE,School,CT,"-33.98559804714526, 18.498416712499054",,,,,,,
ABK,HQ PICK N PAY,Commercial,CT,"-33.995885526419244, 18.479562953829525",,,,,,,
ABS,SPINE ROAD HIGH ,School,CT,"-34.05993970118863, 18.620496771164362",,,,,,,
ABV,BOTHASIG,Residential,CT,"-33.86153189767178, 18.5415671268176",,,,,,,
ABW,ALLAN GRAY,Commercial,CT,"-33.90766956688558, 18.422424868318053",,,,,,,
ABX,TABLEVIEW DR CHURCH,Residential,CT,"-33.82934827495588, 18.494570016451334",,,,,,,
ABY,KENSINGTON,Residential,CT,"-33.912173909566924, 18.507022837093025",,,,,,,
ACA,YOUNGSFIELD MILITARY,Commercial,CT,"-34.00206757990004, 18.494491968321498",,,,,,,
ACB,JAN VAN RIEBEECK HIGH ,School,CT,"-33.933405844995086, 18.408186854825903",,,,,,,
ACE,HERZLIA HIGH ,School,CT,"-33.94252556275811, 18.42159782599063",,,,,,,
ACN,WESTRIDGE,Residential,CT,"-34.05172692168025, 18.602693990681914",,,,,,,
ACO,SACAP,Tertiary,CT,"-33.97815182921861, 18.46365126832067",,,,,,,
ACT,STRANDFONTEIN,Residential,CT,"-34.07774290622394, 18.571799727094348",,,,,,,
ACU,HERSCHEL GIRLS SCH,School,CT,"-33.98757325050808, 18.4629536",,,,,,,
ACX,MELKBOSSTRAND,Residential,CT,"-33.71930888888899, 18.45459269889359",,,,,,,
ADA,DARUL ISLAMIC BOYS CAMPUS,School,CT,"-33.97763880735249, 18.54048648469806",,,,,,,
ADC,RUSTENBURG GIRLS,School,CT,"-33.95650456913764, 18.4785662",,,,,,,
ADD,MULTI MECH,Commercial,CT,"-33.929917940357406, 18.56484739731191",,,,,,,
ADE,SIGMA RETREAT,Commercial,CT,"-34.069016248913485, 18.462621997317058",,,,,,,
ADG,MONTE VISTA,Residential,CT,"-33.881624684591756, 18.55510742547937",,,,,,,
ADJ,CLAREMONT,Residential,CT,"-33.98601561044018, 18.472613577506102",,,,,,,
ADK,WYNBERG,Residential,CT,"-34.008408366470476, 18.466173866395355",,,,,,,
ADU,MUTUAL PARK,Commercial,CT,"-33.922753419616946, 18.514210754984163",,,,,,,
ADX,SPORT SCIENCE INSTITUTE,Commercial,CT,"-33.971638426720304, 18.467865297313338",,,,,,,
ADY,AMERICAN INTERNATIONAL ,School,CT,"-34.048696157231134, 18.439321314116775",,,,,,,
AEA,UNIVERSITY OF CAPE TOWN,Tertiary,CT,"-33.95748289126179, 18.461220554985534",,,,,,,
AEB,UCT HEALTH SCIENCE,Tertiary,CT,"-33.94214575822609, 18.46505796847594",,,,,,,
AEC,BIKER BLOOD RUN,Commercial,CT,,,,,,,,
AEJ,RONDEBOSCH BOYS HIGH ,School,CT,"-33.967472405005815, 18.476566255818526",,,,,,,
AEK,VANGUARD ESTATE,Residential,CT,"-33.96904904588921, 18.54832816360751",,,,,,,
AEL,MILITARY HOSPITAL,Hospital,CT,"-34.00444059395351, 18.454714062209412",,,,,,,
AEP,PARKLANDS COLLEGE,School,CT,"-33.79829643398306, 18.504652427997257",,,,,,,
AES,LANSDOWNE SAVIO HALL,Residential,CT,"-33.985328731122344, 18.491663897313952",,,,,,,
AFB,HOME CHOICE,Commercial,CT,"-34.00481727945641, 18.46889268382354",,,,,,,
AFF,STBB CAPE TOWN,Commercial,CT,"-33.92087472988389, 18.423811274355494",,,,,,,
AFG,MEDICLINIC CONSTANTIABERG,Hospital,CT,"-34.027098236471005, 18.461947513491122",,,,,,,
AFN,WCBS HQ PINELANDS,Fixed,CT,"-33.9307493858359, 18.48785176473737",,,,,,,
AFK,WEMBLY SQUARE,Shopping,CT,"-33.93261675831627, 18.421960101348873",,,,,,,
AFL,BELHAR,Residential,CT,"-33.94583102697362, 18.632432718909367",,,,,,,
AKD,KOEBERG,Commercial,CT,"-33.6720984156691, 18.432671673118215",,,,,,,
AKH,BISHOPS,School,CT,"-33.961785112630615, 18.47789561091653",,,,,,,
AKL,LIVINGSTON HIGH,School,CT,"-33.98414743421413, 18.4748405",,,,,,,
AKN,LIFE VINCENT PALLOTTI,Hospital,CT,"-33.94434356765984, 18.489961283821245",,,,,,,
AKY,CPUT DISTRICT SIX,Tertiary,CT,"-33.9310032177211, 18.431713549987588",,,,,,,
ALP,PROMENADE,Shopping,CT,"-33.952232798629375, 18.37763151156425",,,,,,,
AMM,PINELANDS HIGH,School,CT,"-33.93614652886384, 18.507071713491122",,,,,,,
AMR,SURREY ESTATE,Residential,CT,"-33.974898329823304, 18.543433899786244",,,,,,,
AMS,CAMPS BAY HIGH,School,CT,"-33.94304956313875, 18.377642868476144",,,,,,,
AMT,WESTERFORD HIGH,School,CT,"-33.968666304973105, 18.465594524295508",,,,,,,
AMX,STANDARD BANK,Commercial,CT,"-33.91947026998986, 18.426880942327408",,,,,,,
AOB,EDGEMEAD,Residential,CT,"-33.87271807797056, 18.542955648365442",,,,,,,
AOR,GERMAN INTERNATIONAL ,School,CT,"-33.929411283767266, 18.39901524047335",,,,,,,
AOS,MILNERTON HIGH,School,CT,"-33.87084391930889, 18.497800958690345",,,,,,,
AOU,FALSE BAY COLLEGE,Tertiary,CT,"-34.06217806558251, 18.600881678817817",,,,,,,
APB,OUDEMOLEN HIGH,School,CT,"-33.92479398473253, 18.50384322883629",,,,,,,
APG ,COSAT HIGH,School,CT,"-34.05078500177804, 18.66214283964377",,,,,,,
APZ,SACS,School,CT,"-33.97106822970414, 18.4580207",,,,,,,
ASQ,LONGBEACH MALL,Shopping,CT,"-34.123835222506294, 18.388153797319067",,,,,,,
ASR,DIGIEOUTSOURCE,Commercial,CT,"-33.88672211220389, 18.51955161265544",,,,,,,
AST,KENSINGTON HIGH,School,CT,"-33.90736290370358, 18.50676185749472",,,,,,,
ASU,ACHIEVER GROUP,Commercial,CT,"-33.960344784400384, 18.46950618011378",,,,,,,
ASW,WESTGATE MALL,Shopping,CT,"-34.04207462164333, 18.586596399999998",,,,,,,
ASX,SPRINGFIELD HIGH,School,CT,"-34.002001336007254, 18.458762883823454",,,,,,,
ATC,CBC ST JOHNS,Commercial,CT,"-33.80900282608484, 18.510616147421487",,,,,,,
ATF,CONSTANTIA VILLAGE,Shopping,CT,"-34.02213265523616, 18.444518210066363",,,,,,,
ATG,V&A WATERFRONT,Commercial,CT,"-33.90564581539877, 18.419232267435167",,,,,,,
ATK,MUIZENBERG HIGH,School,CT,"-34.098071573134945, 18.477393339645502",,,,,,,
ATO,STBB CLAREMONT,Commercial,CT,"-33.981096438194804, 18.464696526150103",,,,,,,
ATR,TAKEALOT CENTRAL OFFICE,Commercial,CT,"-33.91819382894051, 18.428411695978607",,,,,,,
ATZ,CAPE TOWN HIGH,School,CT,"-33.931783133466666, 18.414976215345177",,,,,,,
AUA,SMILE FM,Commercial,CT,"-33.9177684577539, 18.425642541090216",,,,,,,
AUB,MAYNARD MALL,Shopping,CT,"-34.002942270206475, 18.470607554987243",,,,,,,
AUD,GLENDALE SECONDARY,School,CT,"-34.06853564691239, 18.609021212667685",,,,,,,
AUE,WOOLWORTHS SUPPLY,Commercial,CT,"-33.92507120931363, 18.423630444869126",,,,,,,
AUH,CLAREMONT HIGH,School,CT,"-33.98801914660223, 18.468919732604228",,,,,,,
AUM,ZWAANSWYK HIGH,School,CT,"-34.05978807451084, 18.45862636661007",,,,,,,
AUN,GARDENS COMMERCIAL HIGH,School,CT,"-33.930245812431025, 18.415829327052776",,,,,,,
AUR,CEDAR HOUSE,School,CT,"-33.998583230412, 18.477821657822684",,,,,,,
AUS,SOUTH PENINSULA HIGH,School,CT,"-34.0294897179869, 18.46226169255947",,,,,,,
AUW,OCEANVIEW HIGH,School,CT,"-34.14926307838543, 18.34959265499266",,,,,,,
AUX,NORMAN HENSILWOOD,School,CT,"-34.01518078652333, 18.458439027580724",,,,,,,
AUZ,HOWARD CENTRE,Shopping,CT,"-33.933230719104515, 18.510884199999996",,,,,,,
AVA,MITCHELLS PLAIN HOSP,Hospital,CT,"-34.02155521100845, 18.613661739642673",,,,,,,
AVD,VOORTEKKER HIGH,School,CT,"-33.99926789051912, 18.471248800530773",,,,,,,
AVF  ,QUEENS PARK HIGH ,School,CT,"-33.93502182273622, 18.452940286133995",,,,,,,
AVN ,MOWBRAY TOWN HALL,Residential,CT,"-33.94903670032687, 18.471050204281404",,,,,,,
AVP,REDDAM HOUSE,School,CT,"-34.07672335077902, 18.432744557672592",,,,,,,
AVQ,SAN SOUCI,School,CT,"-33.975967991804815, 18.46244586930964",,,,,,,
AVR,INT SCHOOL WYNBERG,School,CT,"-33.99231133222868, 18.456005513149066",,,,,,,
AVT,WOODSTOCK QUARTERS,Commercial,CT,"-33.927741565656504, 18.443018742715232",,,,,,,
AVV,DE ZICHT ESTATE,Residential,CT,"-33.82750222786084, 18.54580072583348",,,,,,,
AVW,GENERATION SCHOOL,School,CT,"-33.797513696464264, 18.489804693895955",,,,,,,
AVY,HOUT BAY INTERNATIONAL,School,CT,"-34.03402242482023, 18.355772657672592",,,,,,,
AWD,MOORE CAPE TOWN,Commercial,CT,"-33.91634960957603, 18.48345115498389",,,,,,,
AWE,FAIRCAPE GROUP,Commercial,CT,"-33.97741192395197, 18.462128811860456",,,,,,,
AWF,PRIMEDIA,Commercial,CT,"-33.91275918582353, 18.41622949157662",,,,,,,
AWG,NEW ERA,Hospital,CT,"-33.91914470869923, 18.432538528836293",,,,,,,
AWI,ROAMWORK,Commercial,CT,"-33.928135462580364, 18.423666090566183",,,,,,,
AWJ,SHELL TARONGA MOTORS,Commercial,CT,"-33.9737517872549, 18.5035348250779",,,,,,,
AWO,COLLEGE OF CAPE TOWN ATHLONE,Tertiary,CT,"-33.95967850964194, 18.509884164802532",,,,,,,
AWP,SIGMA DIEP RIVER,Commercial,CT,"-34.069026291133795, 18.462621403978442",,,,,,,
AWS,OCTOTEL,Commercial,CT,"-33.92084843867363, 18.383195433163024",,,,,,,
AWT,CHRISTEL HOUSE,School,CT,"-34.01095285793325, 18.51399977002784",,,,,,,
AWU,ITC BUSINESS ADMIN,Commercial,CT,"-33.91886019233893, 18.423500218175064",,,,,,,
AWV,SUIDOORSTER,Commercial,CT,,,,,,,,
AWW,ELKANAH HOUSE HIGH,School,CT,"-33.80187266244789, 18.486366977115203",,,,,,,
AWX,DISCOVERY,Commercial,CT,"-33.89571288115665, 18.50339615767259",,,,,,,
AWY,CORONATION FUND,Commercial,CT,"-33.977247797292286, 18.464923268477325",,,,,,,
AXA,SHINCHEONJI,Commercial,CT,"-33.89448204417057, 18.54544040708796",,,,,,,
AXZ,SAMRC,Commercial,CT,"-33.91620653228704, 18.604435786799034",,,,,,,
CA,NERINA,Tertiary,Paarl,,,,,,,,
CA (needs new code),ELANDSFONTEIN MINE ,Commercial,Paarl,"-33.02164886597996, 18.264882257672586",,,,,,,
CAA,CITRUSDAL,Residential,Paarl,"-32.58911645957277, 19.01195424346629",,,,,,,
CAB,VREDENDAL,Residential,Paarl,"-31.63911954701489, 18.528483495222382",,,,,,,
CAD,ADAM TAS DISTELL,Commercial,Paarl,"-33.9444355004689, 18.839363656265256",,,,,,,
CAF,MALMESBURY,Residential,Paarl,"-33.46547452795964, 18.71862241512352",,,,,,,
CAH,MOORREESBURG,Residential,Paarl,"-33.14529426898702, 18.668716805971947",,,,,,,
CAI,LUTZVILLE,Residential,Paarl,"-31.55310847024801, 18.34704510045475",,,,,,,
CAJ,PIKETBERG,Residential,Paarl,"-32.90474082445539, 18.765519886161155",,,,,,,
CAL,PORTERVILLE,Residential,Paarl,"-33.018336286351655, 18.9944546368802",,,,,,,
CAN,STELLENBOSCH TOWN,Residential,Paarl,"-33.932139426013194, 18.86035838565774",,,,,,,
CAQ,VREDENBURG,Residential,Paarl,"-32.91277295262379, 17.994340811679937",,,,,,,
CAU,BOLAND DRUKPERS,Commercial,Paarl,"-33.642343597861824, 18.991108834465976",,,,,,,
CAY,SOMERSET MALL,Shopping,Paarl,"-34.08296814296496, 18.823407555268396",,,,,,,
CAZ,SALDANHA TOWN,Residential,Paarl,"-33.008811984718825, 17.94225759901081",,,,,,,
CBB,CLANWILLIAM,Residential,Paarl,"-32.19753448666515, 18.896089195362723",,,,,,,
CBD,LANGEBAAN,Residential,Paarl,"-33.05461401296205, 18.064175794400935",,,,,,,
CBG,UNIVERSITY OF STELLENBOSCH,Tertiary,Paarl,"-33.932797273697034, 18.864444861338256",,,,,,,
CBJ,PAARL TOWN,Residential,Paarl,"-33.734267762288674, 18.96202195124013",,,,,,,
CBK,GORDONS BAY,Residential,Paarl,"-34.15109136309106, 18.872789466835403",,,,,,,
CBL,RIEBEECK WES,Residential,Paarl,"-33.34731821415379, 18.86790239740982",,,,,,,
CBP,STELLENBOSCH HIGH,School,Paarl,"-33.93126361440965, 18.87968067255431",,,,,,,
CBQ,PAUL ROOS GIMNASIUM,School,Paarl,"-33.94187721783915, 18.861404795886475",,,,,,,
CBS,DARLING,Residential,Paarl,"-33.37555957688735, 18.38566395755324",,,,,,,
CBT,WELLINGTON TOWN,Residential,Paarl,"-33.64043973978045, 19.00956663682273",,,,,,,
CBY,MIXTELEMATIC,Commercial,Paarl,"-33.97915669935558, 18.84149361754334",,,,,,,
CBZ,DISTELL,Commercial,Paarl,"-33.735772741111994, 18.97441177118817",,,,,,,
CCB,SOMERSET WEST,Residential,Paarl,"-34.075688997036664, 18.843251919448313",,,,,,,
CCC,STRAND,Residential,Paarl,"-34.11232881384233, 18.849176205772704",,,,,,,
CCF,RDM MACASSAR,Commercial,Paarl,"-34.06540070071562, 18.777442467200053",,,,,,,
CCG,PAARL GYM HIGH,School,Paarl,"-33.72022827356314, 18.959769584474564",,,,,,,
CCI,LAMBERTSBAAI,Residential,Paarl,"-32.093254693115085, 18.304378013327533",,,,,,,
CCT,FRANSCHHOEK,Residential,Paarl,"-33.90639882275605, 19.122815446038707",,,,,,,
CCX,AVONDALE,Residential,Paarl,"-33.76609561475904, 18.998359967533798",,,,,,,
CDF,TECHNO PARK,Commercial,Paarl,"-33.96485495317097, 18.838814313521095",,,,,,,
CDR,LANGEBAANWEG,Commercial,Paarl,"-32.97190511475499, 18.156855134820223",,,,,,,
CDT,HOPEFIELD,Residential,Paarl,"-33.0284228019039, 18.31510082649612",,,,,,,
CDU,LAERSKOOL DE HOOP,School,Paarl,"-34.06929944215367, 18.83712189476764",,,,,,,
CDY,CAPITEC BANK,Commercial,Paarl,,,,,,,,
CEB,MEDICLINIC STELBOSCH,Hospital,Paarl,"-33.954397381323844, 18.85740306847656",,,,,,,
CEE,KWV WINE EMPORIUM,Commercial,Paarl,"-33.762959334559135, 18.96784672614189",,,,,,,
CEH,LA ROCHELLE GIRLS HIGH,School,Paarl,"-33.7373819072359, 18.96515753288656",,,,,,,
CEL,NEDERBURG WINES,Commercial,Paarl,"-33.72054643568576, 19.003328410795156",,,,,,,
CER,BRIDGE HOUSE,Tertiary,Paarl,"-33.879510570009586, 19.029410721096948",,,,,,,
CET,RHEIMETTAL DENEL MUN,Commercial,Paarl,"-34.07837597573578, 18.778090661896155",,,,,,,
CFB,VANRHYNSDORP,Residential,Paarl,"-31.609219415138053, 18.74504974103033",,,,,,,
CFX,MANAGED SOLUTIONS,Commercial,Paarl,,,,,,,,
CGH,Rembrandt Mall,Shopping,Paarl,"-33.72825430894383, 18.97290294232741",,,,,,,
CGP,BUSAMED PRIVATE HOSP,Hospital,Paarl,"-34.09452217935396, 18.81641645499059",,,,,,,
CGR,SWARTLAND HIGH SCHOOL,School,Paarl,"-33.456592913860035, 18.732502275045515",,,,,,,
CGU,ST. HELENABAAI,Residential,Paarl,"-32.75041748187276, 18.007878762883486",,,,,,,
CGZ,EIKESTAD,Shopping,Paarl,"-33.9353027684208, 18.859995307557345",,,,,,,
CHA,THE WOODMILL,Commercial,Paarl,"-33.943054279593454, 18.82848418131489",,,,,,,
CHG,MILITARY ACADEMY SAL,Commercial,Paarl,"-33.032843123859806, 17.92676627446002",,,,,,,
CHK,PAARL GIRLS HIGH,School,Paarl,"-33.74422517662871, 18.9594038119767",,,,,,,
CHL,CLOETESVILLE HIGH ,School,Paarl,"-33.91256216194894, 18.85273222614749",,,,,,,
CHP,MEDICLINIC CORPORATE,Commercial,Paarl,"-33.93515235327159, 18.857120197249746",,,,,,,
CHS,CURRO SITARI,School,Paarl,"-34.05195859125911, 18.77604708658978",,,,,,,
CHT,SOMERSET WEST,Residential,Paarl,"-34.07579448515794, 18.842924977337415",,,,,,,
CHU,STRAND DAY,Residential,Paarl,"-34.101636628686606, 18.842815177462782",,,,,,,
CHV,MEISIESSKOOL BLOEMHOF,School,Paarl,"-33.94240884778686, 18.8576923",,,,,,,
CHY,ZANDVLIET CARE FACIL,Commercial,Paarl,"-34.05983896647997, 18.763730568480426",,,,,,,
CIA,MEDICLINIC VERGELEGEN,Hospital,Paarl,"-34.0906739327357, 18.858772468481707",,,,,,,
CIB,CHILL BEV INTERNATIONAL,Commercial,Paarl,"-33.92457526072137, 18.85255725313014",,,,,,,
CIC,WATERSTONE VILLAGE,Shopping,Paarl,"-34.07077238713322, 18.822855342327404",,,,,,,
CIF,OASIS WATER,Commercial,Paarl,,,,,,,,
CIG,WELGELEGEN NG KERK,Residential,Paarl,"-33.95005875839662, 18.856992797583917",,,,,,,
CII,PAARL MALL,Shopping,Paarl,"-33.76500453930628, 18.967533426142086",,,,,,,
CIJ,HUIS TEN BOSCH,School,Paarl,"-33.9346205420491, 18.8686339711637",,,,,,,
CIL,RHENISH GIRLS HIGH,School,Paarl,"-33.94573815567596, 18.85942009458772",,,,,,,
CIN,SITARI VILLAGE,Shopping,Paarl,"-34.05036707989311, 18.778627726152635",,,,,,,
CIO,MINERVA,Tertiary,Paarl,"-33.934508957194566, 18.870696297311998",,,,,,,
CIQ,PAARL TOWN,Residential,Paarl,"-33.73448547170321, 18.961690866580334",,,,,,,
CIR,SOMERSET COLLEGE,Tertiary,Paarl,"-34.040319381618055, 18.808234143600707",,,,,,,
CIS,STRAND HIGH,School,Paarl,"-34.1017170222653, 18.839065286508884",,,,,,,
CIV,STARGROW ,Commercial,Paarl,"-33.962914176208876, 18.8371275396405",,,,,,,
CIW,CAMPUS KEY STUDENT,School,Paarl,"-33.92860655454541, 18.872291386187474",,,,,,,
CIY,Elsenberg,Commercial,Paarl,"-33.84714665555302, 18.834738294489945",,,,,,,
CJA,VELDDRIF,Residential,Paarl,"-32.76809407030277, 18.16074873364264",,,,,,,
CJB,HUGENOTE HIGH SCHOOL,School,Paarl,"-33.647848373307006, 19.00958783777477",,,,,,,
CJC,SBA SITE,Commercial,Paarl,,,,,,,,
CJD,AZOTEQ,Commercial,Paarl,"-33.74271698908672, 18.966787871163707",,,,,,,
CJE,TC NEWMAN CDC,Hospital,Paarl,"-33.722410966945, 18.987716326140433",,,,,,,
CJF,HELDERBERG HOSPITAL,Hospital,Paarl,"-34.07652277443781, 18.856984297317247",,,,,,,
CJH,SOMERSET LINKS PARK,Commercial,Paarl,"-34.087960105082836, 18.825314436962337",,,,,,,
CHQ,SUCCEED GROUP,Commercial,Paarl,"-34.08881998105508, 18.822526699999997",,,,,,,
CIX,ENGEN MACASSAR MOTOR,Commercial,Paarl,"-34.06110786544375, 18.760836784028",,,,,,,
CA5,UNIVERSITY OF STELLENBOSCH,Tertiary,Paarl,"-33.93267872615606, 18.864468457672587",,,,,,,
CA3,ELSENBURG COLLEGE,Tertiary,Paarl,"-33.8465413313955, 18.835568711633478",,,,,,,
CJK,MBEKWENI SAPS,Commercial,Paarl,"-33.67257801235585, 18.997550626138604",,,,,,,
FAP,MELBRO,Commercial,CT,"-33.937422157112536, 18.546246583821024",,,,,,,
FBF,ROGZ,Commercial,CT,"-33.862718405570995, 18.513072182312737",,,,,,,
FCG,GLAXO-SMITH-KLINE,Commercial,CT,"-33.93459337403244, 18.529385285049635",,,,,,,
FCU,DONALDSON FILTRATION,Commercial,CT,"-33.94013395936479, 18.558916083821032",,,,,,,
FDO,JOHNSON & JOHNSON,Commercial,CT,"-34.068781900107275, 18.459281768480768",,,,,,,
FGD,CAPE GATE CENTRE,Fixed,CT,"-33.8521833770616, 18.69604318467771",,,,,,,
FGT,INDIGO COSMETICS,Commercial,CT,"-33.93578883612776, 18.539455171163706",,,,,,,
FGX,THE BOULEVARD,Commercial,CT,"-33.889401411536994, 18.689504641491776",,,,,,,
FNB,SPAR KRAAIFONTEIN,Shopping,CT,"-33.83949472827157, 18.70428337301777",,,,,,,
FNF,REMAX BLOUBERG,Commercial,CT,"-33.823330827292324, 18.48245957452082",,,,,,,
FNH,SANTAM,Commercial,CT,"-33.87573192340808, 18.631894157672587",,,,,,,
FSF,ARROWGATE MONTANA,Commercial,CT,"-33.96161737593807, 18.576172597313118",,,,,,,
FSM,NETCARE KUILSRIVER,Hospital,CT,"-33.915654597238316, 18.669616614510485",,,,,,,
FTN,POLYOAKS,Commercial,CT,"-34.040079387155785, 18.470287656772",,,,,,,
FTW,KENILWORTH CENTRE,Fixed,CT,"-33.98860680259296, 18.484697197313984",,,,,,,
FVD,VARSITY COLLEGE,Tertiary,CT,"-33.94382759774454, 18.509105449572672",,,,,,,
FVY,CANAL WALK,Shopping,CT,"-33.89290198488365, 18.511929071163706",,,,,,,
FWD,KINGSBURY HOSP,Hospital,CT,"-33.98613512448123, 18.468769568477708",,,,,,,
FWE ,CIPLA GATEWAY,Commercial,CT,"-33.796216114394824, 18.532520312652025",,,,,,,
FWK,CHRYSALIS ACADEMY,School,CT,"-34.05829099970921, 18.417458568480356",,,,,,,
FWQ,VILLAGE SQUARE ,Shopping,CT,"-34.02102504300715, 18.467504864027166",,,,,,,
FWR,ROCHE SEQUENCING,Commercial,CT,"-33.934429193958735, 18.460622997521572",,,,,,,
FWT,WESTIN HOTEL,Commercial,CT,"-33.915674338006994, 18.426189013491115",,,,,,,
FWX,LAGOONA ,Commercial,CT,"-33.92561927081139, 18.546652697311668",,,,,,,
FWY,VITAFOAM,Commercial,CT,"-33.93414696571986, 18.562426381966908",,,,,,,
FWZ,MAVERICK TELECOM,Commercial,CT,"-33.875528819898314, 18.51697965498236",,,,,,,
FXA,REGENT LIGHTING SOLUTIONS,Commercial,CT,"-33.88882101573299, 18.493737813491116",,,,,,,
FXB,BOLLORE LOGISTICS,Commercial,CT,"-33.98152577249654, 18.590378857672583",,,,,,,
HAC,MET LIFE,Commercial,CT,"-33.88420940323679, 18.634624414999738",,,,,,,
HAD,BELLVILLE,Residential,CT,"-33.89422672786246, 18.629065790906647",,,,,,,
HAG,SPAR EERSTE RIVER,Shopping,CT,"-34.000857355502504, 18.72653629731449",,,,,,,
HAH,BRACKENFELL,Residential,CT,"-33.88165283548821, 18.695013870999787",,,,,,,
HAI,DURBANVILLE HIGH,School,CT,"-33.83079798725337, 18.64355236847175",,,,,,,
HAN,MALIBU SECONDARY,School,CT,"-33.99499700582066, 18.695693381628082",,,,,,,
HAO,RAVENSMEAD,Residential,CT,"-33.9226693606543, 18.602910278103266",,,,,,,
HAP,MEDICLINIC PANORAMA,Hospital,CT,"-33.8760988588652, 18.576200546978754",,,,,,,
HAQ,FAIRMONT HIGH ,School,CT,"-33.85365377424365, 18.64063459730906",,,,,,,
HAR,DURBANVILLE,Residential,CT,"-33.82749034358483, 18.652138293178904",,,,,,,
HAT,ELSIES RIVER,Residential,CT,"-33.930868672414306, 18.57707329304869",,,,,,,
HAU,MEDICLINIC D/VILLE,Hospital,CT,"-33.82542469848555, 18.654878795009008",,,,,,,
HAW,EERSTE RIVER,Residential,CT,"-33.99809451874224, 18.739232191724913",,,,,,,
HBD,BOLTON FOOTWEAR,Commercial,CT,"-33.90983737895522, 18.576077585035428",,,,,,,
HBF,MARIAN HIGH,School,CT,"-33.93909706343924, 18.587628954984734",,,,,,,
HBG,KRAAIFONTEIN,Residential,CT,"-33.847247388606725, 18.717073117491342",,,,,,,
HBH,KUILSRIVER,Residential,CT,"-33.922643774792334, 18.689639491368567",,,,,,,
HBK,EBEN DONGES HIGH,School,CT,"-33.84568945225674, 18.728349562354794",,,,,,,
HBL,LA ROCHELLE,Residential,CT,"-33.880873190636805, 18.654693280371287",,,,,,,
HBU,CPUT BELLVILLE,Tertiary,CT,"-33.930285925957286, 18.639116641493338",,,,,,,
HBY,PROTEA HEIGHTS,Residential,CT,"-33.88626918229296, 18.697724414086352",,,,,,,
HBZ,SETTLERS HIGH SCHOOL,School,CT,"-33.89690523131342, 18.607800157942574",,,,,,,
HCB,PAROW NORTHLINK COLLEGE,Tertiary,CT,"-33.91156597711827, 18.585272887122926",,,,,,,
HCE,TYGERBERG HOSPITAL,Hospital,CT,"-33.91042677777704, 18.612886885936",,,,,,,
HCG,EDGEMEAD HIGH,School,CT,"-33.872432162099365, 18.551200235928953",,,,,,,
HCK,WINDSOR PARK,Residential,CT,"-33.84046234731383, 18.71012068507826",,,,,,,
HCN,TYGERBERG MEDICAL SCHOOL,Tertiary,CT,"-33.90786807939005, 18.6124861824786",,,,,,,
HCP,SHOPRITE HQ,Commercial,CT,"-33.88439985113129, 18.679234340395617",,,,,,,
HCQ,TYGERVALLEY,Shopping,CT,"-33.87359228354123, 18.63398894232741",,,,,,,
HCR,TYGERBERG HIGH,School,CT,"-33.893246438603946, 18.594482083819432",,,,,,,
HCS,UNIVERSITY OF WESTERN CAPE,Tertiary,CT,"-33.93336004490887, 18.62790435313046",,,,,,,
HCT,KENRIDGE,Residential,CT,"-33.85676836593349, 18.636632815005893",,,,,,,
HCU,CURRO DURBANVILLE,School,CT,"-33.80668139532369, 18.691568975204405",,,,,,,
HCW,BELLVILLE TECHNICAL HIGH,School,CT,"-33.91121175763504, 18.662388197311117",,,,,,,
HCZ,CAPE TOWN INTERNATIONAL AIRPORT,Commercial,CT,"-33.97142738279486, 18.602085097313346",,,,,,,
HDA,MONUMENT PARK,School,CT,"-33.83863069489214, 18.71466213082234",,,,,,,
HDC,D.F.MALAN HOERSKOOL,School,CT,"-33.893544250260675, 18.62644839731054",,,,,,,
HDD,ACKERMANS,Commercial,CT,"-33.94190247045358, 18.68758289731235",,,,,,,
HDI,DE KUILEN HOERSKOOL,School,CT,"-33.92433725807915, 18.68349049731158",,,,,,,
HDJ,BRACKENFELL HIGH,School,CT,"-33.86972452259549, 18.686940012654656",,,,,,,
HDK,VITAL HEALTH,Commercial,CT,"-33.91117381151207, 18.66941560748906",,,,,,,
HDX,STELLENBERG,Residential,CT,"-33.869624727835166, 18.657549900119395",,,,,,,
HDZ,STELLENBERG HIGH,School,CT,"-33.863412728810765, 18.66143009730931",,,,,,,
HEC,BELLVILLE HIGH,School,CT,"-33.89312937321244, 18.649264839637848",,,,,,,
HEK,BELHAR HIGH,School,CT,"-33.943525490409115, 18.611414060997625",,,,,,,
HEN,KUILS RIVER TECH HIGH,School,CT,"-33.94964128889419, 18.675692112072145",,,,,,,
HEO,SARS BELLVILLE,Commercial,CT,"-33.90015712234147, 18.62870094766394",,,,,,,
HEX,PSG BELLVILLE,Commercial,CT,"-33.875446652957784, 18.63079185560159",,,,,,,
HEZ,SEESA,Commercial,CT,"-33.883670665004914, 18.63307197032791",,,,,,,
HFA,PROTEA HEIGHTS ACADEMY,School,CT,"-33.889803254826695, 18.700142183819178",,,,,,,
HFB,PUMA,Commercial,CT,"-33.819076600259166, 18.556034254980347",,,,,,,
HFC,BRACKENFELL CENTRE,Shopping,CT,"-33.8819324593144, 18.6846612396375",,,,,,,
HFH,STIKLAND HOSPITAL,Hospital,CT,"-33.896638910433005, 18.65776928109219",,,,,,,
HFK,MERIDIAN CURRO HIGH,School,CT,,,,,,,,
HFN,BIDVEST McCARTHY VW,Commercial,CT,"-33.90478498389385, 18.5943816",,,,,,,
HFS,HEIDEKOPPIE NG KERK,Residential,CT,"-33.887838583247834, 18.69519560627502",,,,,,,
HFT,TAFELBERG SCHOOL,School,CT,"-33.85732111212672, 18.542537732205727",,,,,,,
HFV,AFRICAN UNITY,Commercial,CT,"-33.85317777452566, 18.62721762057745",,,,,,,
HFW,PEARSON INSTITUTE,Tertiary,CT,"-33.870545158374746, 18.640310649870894",,,,,,,
HFX,PEPKORIT,Commercial,CT,"-33.87854900772395, 18.634545684654817",,,,,,,
HFZ,HAASENDAL GABLES,Shopping,CT,"-33.906890538470066, 18.698964783819907",,,,,,,
HGA,EL SHADDAI SCHOOL,School,CT,"-33.82883844825727, 18.66133429730818",,,,,,,
HGG,CHRISTIAAN BARNARD,Hospital,CT,"-33.917819083991084, 18.430781503407598",,,,,,,
HGH,RADISSON RED,Commercial,CT,"-33.90853404401017, 18.42270399731105",,,,,,,
HGJ,NANO IS,Commercial,CT,"-33.90104132124939, 18.643333133262743",,,,,,,
HGK,CURRO BRACKENFELL,School,CT,"-33.89939004245119, 18.687691768474405",,,,,,,
HGM,CURRO CENTURY CITY,School,CT,"-33.883033032209795, 18.520467454982672",,,,,,,
HGN,SCOTTSDENE LIBRARY,Residential,CT,"-33.866695849115565, 18.72155714296902",,,,,,,
HGO,KARL BREMER,Hospital,CT,"-33.89261717321267, 18.6092761973105",,,,,,,
HGP,CURRO BURGANDY,School,CT,"-33.84334198673034, 18.549016397308566",,,,,,,
HGR,APEX HIGH ,School,CT,"-34.01506774059408, 18.7116400593542",,,,,,,
HGT,AECOM,Commercial,CT,"-33.87992434457798, 18.630636583818756",,,,,,,
LS1-5,LONG STREET BDC,Fixed,CT,"-33.91965137377868, 18.422378361253706",,,,,,,
MB1-7,BLUE ROUTE BDC,Fixed,CT,"-34.06316867840991, 18.453646834510508",,,,,,,
NC1-7,N1 CITY BDC,Fixed,CT,"-33.890836760225945, 18.561165851845196",,,,,,,
ZBL,WC COLLEGE OF NURSES ,Tertiary,CT,"-33.96578419138181, 18.551356611750432",,,,,,,
ZBO,PNP TABLEVIEW CENTR,Shopping,CT,"-33.825965154725786, 18.487636618011983",,,,,,,
ZBS,HYPERMARKET OTTERY,Shopping,CT,"-34.01960540295322, 18.51742643964255",,,,,,,
ZBW,VANGATE MALL,Shopping,CT,"-33.96119696000802, 18.538263971163705",,,,,,,
ZCG,COBBLE WALK,Shopping,CT,"-33.84405577143105, 18.67724413295326",,,,,,,
ZCS,GLEN GARRY ,Shopping,CT,"-33.856628078080426, 18.67085187116371",,,,,,,
ZCX,GRAPEVINE,Commercial,CT,"-33.95034522760751, 18.702634483878327",,,,,,,
ZDD,WCBS HQ PINELANDS,Commercial,CT,"-33.93088744755175, 18.487826581966726",,,,,,,
ZDF,NETCARE BLAAUBERG,Hospital,CT,"-33.803801051869634, 18.483537257672587",,,,,,,
ZDN,WILLOWBRIDGE MALL,Shopping,CT,"-33.870784532654326, 18.63172112614602",,,,,,,
ZDY,KHAYELITSHA MALL,Shopping,CT,"-34.04638131655888, 18.67153512622853",,,,,,,
ZGB,RYLANDS VILLAGE,Shopping,CT,"-33.97504047874157, 18.531258883822403",,,,,,,
ZGH,TABLE BAY MALL,Shopping,CT,"-33.78612900713654, 18.47814709730658",,,,,,,
ZGL,FAIRCAPE,Commercial,CT,"-33.82257619224186, 18.533690109893353",,,,,,,
ZGP,TRUWORTHS DISTRIBUTION,Commercial,CT,"-33.93283966015252, 18.54767599731202",,,,,,,
ZGQ,DSV AIR & SEA,Commercial,CT,"-33.98581876774741, 18.601736594258004",,,,,,,
ZGR,WATERGATE MALL,Shopping,CT,"-34.01972822089545, 18.608374653964468",,,,,,,
ZGU,VOICE OF THE CAPE,Commercial,CT,"-33.93272006333312, 18.457253853130545",,,,,,,
ZGZ,SANDOWN MEDICAL,Hospital,CT,"-33.8001258803676, 18.499726968470746",,,,,,,
ZHB,BONTEHEWEL,Residential,CT,"-33.952318393155494, 18.553001538551094",,,,,,,
ZHC,STEENBERG ESTATE,Residential,CT,"-34.07174935890027, 18.421361707421553",,,,,,,
ZHE,MELOMED GATESVILLE,Hospital,CT,"-33.970374796140185, 18.533535926149593",,,,,,,
ZHF,BLAAUWBERG BEACH,Commercial,CT,"-33.81023467225915, 18.469459739634875",,,,,,,
ZHH,EDUVOS,School,CT,"-33.98336090192041, 18.47027359452365",,,,,,,
BA1,GEORGE TOWN,Residential,George,"-33.962498077275285, 22.46202339169971",,,,,,,
BA2,GEORGE TOWN,Shopping,George,"-33.962498077275285, 22.46202339169971",,,,,,,
BA3,GEORGE TOWN,Residential,George,"-33.962498077275285, 22.46202339169971",,,,,,,
BA4,GEORGE TOWN,Residential,George,"-33.962498077275285, 22.46202339169971",,,,,,,
BAC,SEDGEFIELD,Residential,George,"-34.02271339269742, 22.807282084844974",,,,,,,
BAD,ALBERTINIA,Residential,George,"-34.20844861740393, 21.57284896380713",,,,,,,
BAF,GREAT BRAK RIVER,Residential,George,"-34.049059282363835, 22.219567166177413",,,,,,,
BAH,HEIDELBERG,Residential,George,"-34.08081325795663, 20.944622020888268",,,,,,,
BAI,KNYSNA,Residential,George,"-34.03500537926109, 23.046868826743285",,,,,,,
BAJ,LADISMITH,Residential,George,"-33.49405859860314, 21.269162853326065",,,,,,,
BAK,MOSSEL BAY,Residential,George,"-34.18189654675858, 22.11964774909097",,,,,,,
BAL,OUDTSHOORN,Residential,George,"-33.6004425377302, 22.201556563874163",,,,,,,
BAM,PLETTENBERG BAY,Residential,George,"-34.056245753274915, 23.370412167854116",,,,,,,
BAN,RIVERSDALE,Residential,George,"-34.03207027703384, 21.246751946486384",,,,,,,
BAO,HARTENBOS,Residential,George,"-34.121748105082936, 22.0986039564167",,,,,,,
BAQ,PUNT HOERSKOOL,School,George,"-34.18967619840294, 22.14141259732158",,,,,,,
BAU,STILLBAAI,Residential,George,"-34.36454201390214, 21.431975660665213",,,,,,,
BAW,OUTENIQUA HIGH,School,George,"-33.95861648170502, 22.467719197312952",,,,,,,
BAX,LANGENHOVEN HIGH,School,George,"-34.0846177872662, 21.25670865499022",,,,,,,
BBG,KNYSNA WATERFRONT,Shopping,George,"-34.04064887739466, 23.045561807026893",,,,,,,
BBK,NELSON MANDELA UNIVERSITY,School,George,"-34.009991779485496, 22.447367083114084",,,,,,,
BBU,GEORGE MUNICIPALITY,Residential,George,"-33.96105484572568, 22.45408906765967",,,,,,,
BCQ,PLETT BEACH,Shopping,George,"-34.04166263907223, 23.3710648049534",,,,,,,
BCV,LANGENHOVEN GIM,School,George,"-33.576376437044416, 22.197803542373943",,,,,,,
BDN,DATA DOT TECHNOLOGY,Commercial,George,"-33.97249317820947, 22.465653268477073",,,,,,,
BDQ,GEORGE HIGH,School,George,"-33.967473279150866, 22.476446253131822",,,,,,,
BDZ,GSV/SPE,Event,George,,,,,,,,
BEB,FRAAIUITSIG SENTRUM,Shopping,George,"-34.079527773521185, 22.14974858849081",,,,,,,
BEC,BAYVIEW BUISNESS PARK,Hospital,George,,,,,,,,
BEG,DANA BAY,Residential,George,"-34.196240769665046, 22.05331300732535",,,,,,,
BEP,MOSSELBAAI MALL,Shopping,George,"-34.18455044646294, 22.11597651081252",,,,,,,
BEW,GLENWOOD HOUSE,School,George,"-33.969377588513325, 22.49229766847699",,,,,,,
BFG,HARTENBOS,Residential,George,"-34.121700127091934, 22.09814588896628",,,,,,,
BFH,FAMILY MARKET,Commercial,George,"-33.984073714205415, 22.512991968477593",,,,,,,
BFI,BADGER HOLDINGS,Commercial,George,,,,,,,,
BFM,FANCOURT HOTEL,Residential,George,"-33.95127987078734, 22.406587241401912",,,,,,,
BFV,EDEN MEANDER,Shopping,George,"-33.98356079522045, 22.498759854986492",,,,,,,
BGA,MEDICLINIC GEORGE,Hospital,George,"-33.95724458798695, 22.456838283821767",,,,,,,
BGW,RUNDLE COLLEGE,School,George,"-33.96217861828038, 22.453469296538",,,,,,,
BGZ,GEORGE PROV HOSPITAL,Hospital,George,"-33.951972176896966, 22.4506561531312",,,,,,,
BHA,SPAR WELLINGTON SQ,Shopping,George,"-33.95372627650304, 22.467627510803876",,,,,,,
BHE,PJ MEUBELS,Commercial,George,"-33.97255269589053, 22.474011726149847",,,,,,,
BHL,CHECKERS YORK,Shopping,George,"-33.97165279017877, 22.44485902429553",,,,,,,
BHQ,BRIDGTON SECONDARY ,School,George,"-33.597677568553856, 22.228408997176654",,,,,,,
BHR,TEKKIE TOWN,Commercial,George,"-33.95967648968444, 22.458609826149342",,,,,,,
BHX,IVECO TAX CONSULTING,Commercial,George,,,,,,,,
BHY,MOTUS GEORGE,Event,George,"-33.98109492064049, 22.497490604556226",,,,,,,
BHZ,BOSHOFF VISSER,Commercial,George,"-33.96505825781623, 22.452266",,,,,,,
BIA,Oudtshoorn High ,School,George,"-33.59297674934227, 22.195665445865988",,,,,,,
BIB,Ghost Riders MC Garden Route,Event,George,,,,,,,,
BIC,GARDEN ROUTE DISTRIC,Event,George,,,,,,,,
BID,SECURITAS FINANCIAL,Commercial,George,"-33.96478345426815, 22.452477342327416",,,,,,,
BIE,OAKHILL COLLEGE,School,George,"-34.032744721542734, 23.04118842700148",,,,,,,
BIF,COUNTRY HOUSE ,School,George,"-33.951069900862734, 22.430212062475974",,,,,,,
BIG,HARTENBOS LAERSKOOL,School,George,"-34.12550651023671, 22.111676326155493",,,,,,,
BIH,SANPARKS WILDERNESS,Event,George,,,,,,,,
BII,CURRO MOSSELBAY,School,George,"-34.19306325007824, 22.1117146973217",,,,,,,
BIK,DIAZ HOTEL & RESORT,Commercial,George,"-34.15869808334117, 22.108606210811605",,,,,,,
BMK,MOSSEL BAY2,Residential,George,"-34.17512348657546, 22.085033871510106",,,,,,,
BSL,WITTEDRIFT HIGH,School,George,"-34.00645743389776, 23.339893839642073",,,,,,,
BSP,LANGEBERG MALL,Shopping,George,"-34.14809573358084, 22.103976132901956",,,,,,,
EAW,BEAUFORT WES,Residential,George,"-32.35302522292292, 22.58397400625581",,,,,,,
EAA,ASHTON,Residential,Worcester,"-33.82982079218833, 20.051284436832503",,,,,,,
EAB,NAPIER,Residential,Worcester,"-34.4755457646853, 19.89615262688492",,,,,,,
EAD,GRABOUW,Residential,Worcester,"-34.152004754011756, 19.003681168031093",,,,,,,
EAE,BOLAND KOLLEGE,School,Worcester,"-33.65582027330391, 19.436766039628996",,,,,,,
EAG,BREDASDORP,Residential,Worcester,"-34.53881021299433, 20.056541732160436",,,,,,,
EAH,BONNIEVALE,Residential,Worcester,"-33.91645775223622, 20.081081067552816",,,,,,,
EAI,CALEDON,Residential,Worcester,"-34.23137648543988, 19.425140733199072",,,,,,,
EAJ,RAINBOW CHICKENS,Commercial,Worcester,"-33.63305326724152, 19.476934495818632",,,,,,,
EAK,STRUISBAAI,Residential,Worcester,"-34.806850238103635, 20.047021529833756",,,,,,,
EAL,CERES,Residential,Worcester,"-33.40009388851828, 19.295010203649785",,,,,,,
EAN,DE DOORNS,Residential,Worcester,"-33.47786781845587, 19.66728055052946",,,,,,,
EAO,DANKBAAR,Residential,Worcester,,,,,,,,
EAQ,GANSBAAI,Residential,Worcester,"-34.58057032110906, 19.351467448345044",,,,,,,
EAR,HERMANUS,Residential,Worcester,"-34.41313413734972, 19.24470891738536",,,,,,,
EAS,TWO-A-DAY,Commercial,Worcester,"-34.15327355901427, 19.030763126156355",,,,,,,
EAT,KROMCO,Commercial,Worcester,"-34.17743571720631, 19.073320539648588",,,,,,,
EAU,LAINGSBURG,Residential,Worcester,"-33.198371260483604, 20.860442673854973",,,,,,,
EAV,MONTAGU,Residential,Worcester,"-33.7748530505915, 20.122363246430712",,,,,,,
EAX,RAWSONVILLE,Residential,Worcester,"-33.68177191106521, 19.314263423512045",,,,,,,
EAY,RIVIERSONDEREND,Residential,Worcester,"-34.1410440005421, 19.919843426680877",,,,,,,
EAZ,ROBERTSON,Residential,Worcester,"-33.801960960661816, 19.888097992762013",,,,,,,
EBB,GRW ENG.,Commercial,Worcester,"-33.63139101795828, 19.474077773418635",,,,,,,
EBC,GROENBERG SEN.SEK,School,Worcester,"-34.156829342162, 18.998183991883835",,,,,,,
EBD,SWELLENDAM,Residential,Worcester,"-34.022109394744476, 20.440093024135756",,,,,,,
EBE,TOUWS RIVER,Residential,Worcester,"-33.33978732529835, 20.02779888435402",,,,,,,
EBG,TULBAGH,Residential,Worcester,"-33.287136843264086, 19.14351182667605",,,,,,,
EBH,OBOS,School,Worcester,,,,,,,,
EBI,VILLIERSDORP,Residential,Worcester,"-33.98599723507047, 19.28656849948732",,,,,,,
EBJ,WOLSELEY,Residential,Worcester,"-33.419495565692756, 19.19763639528285",,,,,,,
EBK,WORCESTER CENTRAL,Residential,Worcester,"-33.64355111250861, 19.446559515561106",,,,,,,
EBL,KLEINMOND,Residential,Worcester,"-34.33508944596812, 19.01246468327305",,,,,,,
EBM,LANGERUGSKOOL,School,Worcester,"-33.64876081087002, 19.430132629845797",,,,,,,
EBN,MONTANA HOERSKOOL,School,Worcester,"-33.63099133893529, 19.445956981769275",,,,,,,
EBO,MEDICLINIC WORCESTER,Hospital,Worcester,"-33.64395564644481, 19.450690154973756",,,,,,,
EBQ,WORCESTER CENTRAL,Fixed,Worcester,"-33.64355111250861, 19.446559515561106",,,,,,,
EBS,BRANDVLEI CORRECTIONAL,Commercial,Worcester,"-33.72487508679524, 19.41568341079532",,,,,,,
EBT,GREYTON,Residential,Worcester,"-34.05357573425892, 19.61057811090254",,,,,,,
ECB,SAD PIONEER FOODS,Commercial,Worcester,"-33.637328708502615, 19.452923254973644",,,,,,,
ECE,DROSTDY TECHNICAL HIGH,School,Worcester,"-33.648905534398004, 19.435031357672596",,,,,,,
ECH,WORCESTER HOSPITAL,Hospital,Worcester,"-33.64528422598469, 19.45830459730129",,,,,,,
ECZ,SAP,Commercial,Worcester,"-33.64555953641233, 19.44355042428347",,,,,,,
EDE,HELDERSTROOM MAXIMUM PRISON,Commercial,Worcester,"-34.075849499829154, 19.3652734261536",,,,,,,
EDF,WORCESTER GIMNASIUM,School,Worcester,"-33.642754194728575, 19.437609072856095",,,,,,,
EDG,EMIL WEDER SEK.SKOOL,School,Worcester,"-34.04154761539734, 19.562606020455295",,,,,,,
EFA,BREWELSKLOOF,Hospital,Worcester,"-33.62097390511679, 19.456928383809238",,,,,,,
EFE,WORCESTER TOWN,Event,Worcester,,,,,,,,
EFG,DROSTDYSENTRUM,Residential,Worcester,"-33.638084347045705, 19.430423168464692",,,,,,,
EFH,PRINCE ALFRED HAMLET,Residential,Worcester,"-33.28343701786736, 19.327348379065466",,,,,,,
EFJ,WORCESTER CORRECTIONAL SERVICES,Commercial,Worcester,"-33.654605584407406, 19.433933872491494",,,,,,,
EFL,MEIRINGSPARK,Residential,Worcester,"-33.62623062182597, 19.474732800557646",,,,,,,
EFN,AVIAN PARK1,Residential,Worcester,"-33.66523576767558, 19.43342188116613",,,,,,,
EFO,HEUWEL SENTRUM,Commercial,Worcester,"-33.8016303195698, 19.88065448133369",,,,,,,
EFQ,KWIKSPAR BR/VALLEI,Commercial,Worcester,"-33.62883347219152, 19.463018070528744",,,,,,,
EFR,MIDDEDORP,Commercial,Worcester,,,,,,,,
EFU,ALLIES SUPERETTE,Residential,Worcester,"-33.65824166167788, 19.46747791079294",,,,,,,
EFX,MOUNTAIN MILL MALL,Shopping,Worcester,"-33.6319929698852, 19.43625541534518",,,,,,,
EGA,GREEN VALLEY CASINO,Residential,Worcester,"-33.6272658064191, 19.4351482684643",,,,,,,
EGB,PIONEER FOODS,Commercial,Worcester,"-33.637310843690344, 19.45291252613735",,,,,,,
EGC,ROBERTSON HIGH,School,Worcester,"-33.807306099582746, 19.887178568471022",,,,,,,
EGD,CHARLIE HOFMEYER HOERSKOOL,School,Worcester,"-33.37390593304999, 19.30417099729122",,,,,,,
EGF,UNITED BULK,Commercial,Worcester,"-33.63946880172622, 19.472101515345177",,,,,,,
EGG,DEPT OF SOCIAL DEVELOPMENT,Commercial,Worcester,"-33.64308129167399, 19.456471926137432",,,,,,,
EGI,M&N BAKWERKE,Commercial,Worcester,"-33.639814584021565, 19.469059626137387",,,,,,,
EGJ,WORCESTER BAKWERKE,Commercial,Worcester,"-33.63796964996984, 19.464662810792127",,,,,,,
EGL,CERES FRUIT JUICES,Commercial,Worcester,"-33.37265206691113, 19.322259410896176",,,,,,,
EGN,HERMANUS HOSPITAL,Hospital,Worcester,"-34.422748317432784, 19.228268157868957",,,,,,,
EGO,QUENETS APTEEK,Commercial,Worcester,"-33.643434509697826, 19.445991595592574",,,,,,,
EOP,PIONIERDRUKKERY,Commercial,Worcester,"-33.648996297396394, 19.427925841482814",,,,,,,
EPU,WORCESTER SEN.SEK.,School,Worcester,"-33.6511493068045, 19.46212031281393",,,,,,,
ES1,STAFF DONATIONS,Commercial,Worcester,,,,,,,,
ESS,HERMANUS HOERSKOOL,School,Worcester,"-34.41165596539174, 19.241695426166125",,,,,,,
EST,GOUDINI SPA,Residential,Worcester,"-33.66817411049652, 19.26408029730199",,,,,,,
ESV,ONRUSRIVIER,Residential,Worcester,"-34.41540518888501, 19.178829406155277",,,,,,,
ESY,UILKRAALSMOND,Residential,Worcester,"-34.600691446365815, 19.408626383069443",,,,,,,
ETA,GRAYMEAD,Commercial,Worcester,"-34.03011527529939, 19.12212480263335",,,,,,,
ETB,FRUITWAYS GLEN ELGIN,Commercial,Worcester,"-34.15112350312081, 19.0410667",,,,,,,
ETC,ESSELEN PARK HIGH ,School,Worcester,"-33.65543272970363, 19.455133056020895",,,,,,,
ETD,WILLOW CREEK,Commercial,Worcester,"-33.67346293003175, 19.622311268466042",,,,,,,
ETF,VICTORIA & ALBERT,Commercial,Worcester,"-33.42075617300768, 19.198252333130434",,,,,,,
ETG,ARABELLA HOTEL&SPA,Commercial,Worcester,"-34.31788162716417, 19.13465899732635",,,,,,,
ETH,SOMERSET HIGH ,School,Worcester,"-33.65859913934298, 19.434326341483175",,,,,,,
ETI,PRINGLE BAY,Residential,Worcester,"-34.34794586674373, 18.833941003285236",,,,,,,
ETK,AFRICA BIOMASS,Commercial,Worcester,"-33.64113474527536, 19.470996339628485",,,,,,,
ETM,MTB PROKEREURS,Commercial,Worcester,"-33.641457909357605, 19.445403968464824",,,,,,,
ETN,CAPE DRIED FRUIT PAC,Commercial,Worcester,"-33.7804832206743, 20.132761726142537",,,,,,,
ETP,360 Degree Dental,Commercial,Worcester,"-33.64468904674895, 19.450154768464902",,,,,,,
ETQ,SOUTHERN OIL,Commercial,Worcester,"-34.05328910572527, 20.423836198089734",,,,,,,
ETS,AVALON SPRINGS,Commercial,Worcester,"-33.76562962069363, 20.117609726142007",,,,,,,
ETT,DE VILLIERS GRAAF HIGH,School,Worcester,"-33.985362084760055, 19.29236371080499",,,,,,,
ETU,ORCHARD SUPPLIERS,Event,Worcester,,,,,,,,
ETV,NTT VOLKSWAGEN,Commercial,Worcester,"-33.64110572121816, 19.450115183810038",,,,,,,
ETW,GEELGEBOU,Residential,Worcester,,,,,,,,
ETX,OP DIE BERG,Commercial,Worcester,"-33.023528893768464, 19.311328057574684",,,,,,,
ETY,WORCESTER NOORD PREM,School,Worcester,"-33.63081700192171, 19.451593671163707",,,,,,,
ETZ,CURRO HERMANUS ,School,Worcester,"-34.4124725730186, 19.191045226166267",,,,,,,
EBK1,WORCESTER CENTRAL,Fixed,Worcester,"-33.64597839884846, 19.43816668797832",,,,,,,
EBK2,WORCESTER CENTRAL,Fixed,Worcester,"-33.64597839884846, 19.43816668797832",,,,,,,
